{"meta_mean_iou": 0.4770771785577138, "meta_mean_loss": 0.5788661885261536, "_timestamp": 1682495006.3101785, "_runtime": 1557.2738106250763, "_step": 24, "_wandb": {"runtime": 1558}}