{"meta_mean_iou": 0.4810136855642001, "meta_mean_loss": 0.5754795606931051, "_timestamp": 1682495003.167199, "_runtime": 1635.5411729812622, "_step": 24, "_wandb": {"runtime": 1637}}