{"meta_mean_iou": 0.5638792765324252, "meta_mean_loss": 0.492927254041036, "_timestamp": 1682502099.701468, "_runtime": 56.20854091644287, "_step": 0}