{"meta_mean_iou": 0.5881138418118159, "meta_mean_loss": 0.4733718291918437, "_timestamp": 1682450876.4976, "_runtime": 1920.0854861736298, "_step": 24, "_wandb": {"runtime": 1923}}