{"meta_mean_iou": 0.3473166125019392, "meta_mean_loss": 0.6397003841400146, "_timestamp": 1682312429.872615, "_runtime": 158.4300880432129, "_step": 0, "_wandb": {"runtime": 293}}