{"meta_mean_iou": 0.40382337980258703, "meta_mean_loss": 0.6241585087776185, "_timestamp": 1682388898.623435, "_runtime": 2202.2289700508118, "_step": 24, "_wandb": {"runtime": 2202}}