{"meta_mean_iou": 0.2616556569933891, "meta_mean_loss": 0.7769977569580078, "_timestamp": 1682312736.0060592, "_runtime": 159.22818613052368, "_step": 0, "_wandb": {"runtime": 198}}