{"meta_mean_iou": 0.757125859260559, "meta_mean_loss": 0.24712044477462766, "_timestamp": 1682383886.5004065, "_runtime": 185.84928846359253, "_step": 3, "_wandb": {"runtime": 232}}