{"meta_mean_iou": 0.24707210145437694, "meta_mean_loss": 0.7689008927345276, "_timestamp": 1682504949.2493215, "_runtime": 44.040969371795654, "_step": 0, "_wandb": {"runtime": 44}}