{"meta_mean_iou": 0.3785849228513846, "meta_mean_loss": 0.6303391551971436, "_timestamp": 1682347506.7588882, "_runtime": 32054.59656214714, "_step": 199, "_wandb": {"runtime": 32056}}