{"meta_mean_iou": 0.7164896059036255, "meta_mean_loss": 0.23108847379684447, "_timestamp": 1682401977.5321252, "_runtime": 1879.3800122737885, "_step": 24, "_wandb": {"runtime": 1881}}