{"meta_mean_iou": 0.6951741002996762, "meta_mean_loss": 0.24581387122472126, "_timestamp": 1682386529.7989507, "_runtime": 2399.6286177635193, "_step": 42}