{"meta_mean_iou": 0.49436470245321595, "meta_mean_loss": 0.5708337052663167, "_timestamp": 1682448873.9946358, "_runtime": 212.97770476341248, "_step": 2}