{"meta_mean_iou": 0.3274803294952647, "meta_mean_loss": 0.6495168435573578, "_timestamp": 1682507091.4757373, "_runtime": 1889.438036441803, "_step": 24, "_wandb": {"runtime": 1891}}