{"meta_mean_iou": 0.5602403855794619, "meta_mean_loss": 0.4954143893718719, "_timestamp": 1682502095.1512277, "_runtime": 61.272873640060425, "_step": 0}