{"meta_mean_iou": 0.469697995732228, "meta_mean_loss": 0.5858889500300088, "_timestamp": 1682495011.8098114, "_runtime": 1582.9928743839264, "_step": 24, "_wandb": {"runtime": 1584}}