{"meta_mean_iou": 0.4788285779456298, "meta_mean_loss": 0.5744980557759602, "_timestamp": 1682459179.6995175, "_runtime": 882.7936565876007, "_step": 24, "_wandb": {"runtime": 883}}