{"meta_mean_iou": 0.4610790482572763, "meta_mean_loss": 0.43448168118794755, "_timestamp": 1682388841.7824786, "_runtime": 2178.2881405353546, "_step": 24, "_wandb": {"runtime": 2179}}