{"meta_mean_iou": 0.485860797415177, "meta_mean_loss": 0.5723596135775247, "_timestamp": 1682499424.8987656, "_runtime": 1526.0979855060577, "_step": 24, "_wandb": {"runtime": 1528}}