{"meta_mean_iou": 0.5678262837727864, "meta_mean_loss": 0.5045575515429178, "_timestamp": 1682448454.6179326, "_runtime": 749.9022915363312, "_step": 10}