{"meta_mean_iou": 0.21895425170660018, "meta_mean_loss": 0.8061506390571594, "_timestamp": 1682315391.6773603, "_runtime": 2604.8457732200623, "_step": 16, "_wandb": {"runtime": 2605}}