{"meta_mean_iou": 0.46993518983324367, "meta_mean_loss": 0.5846306800842285, "_timestamp": 1682495027.0439403, "_runtime": 1628.153956413269, "_step": 24, "_wandb": {"runtime": 1628}}