{"meta_mean_iou": 0.47096278540790076, "meta_mean_loss": 0.582601002852122, "_timestamp": 1682495201.8947034, "_runtime": 1897.955203294754, "_step": 24, "_wandb": {"runtime": 1899}}