{"meta_mean_iou": 0.3402394756302238, "meta_mean_loss": 0.6320678095022837, "_timestamp": 1682551735.706974, "_runtime": 2863.9811630249023, "_step": 24, "_wandb": {"runtime": 2866}}