{"meta_mean_iou": 0.5107496261099974, "meta_mean_loss": 0.3921243675549825, "_timestamp": 1682499429.2450783, "_runtime": 1505.8543543815613, "_step": 24, "_wandb": {"runtime": 1507}}