{"meta_mean_iou": 0.5586245181163152, "meta_mean_loss": 0.43623910486698153, "_timestamp": 1682499673.14539, "_runtime": 1483.2968740463257, "_step": 24, "_wandb": {"runtime": 1484}}