{"meta_mean_iou": 0.3333438742131954, "meta_mean_loss": 0.6800706442197164, "_timestamp": 1682386411.5058486, "_runtime": 402.4167127609253, "_step": 6, "_wandb": {"runtime": 445}}