{"meta_mean_iou": 0.37654552143067127, "meta_mean_loss": 0.5867475332816442, "_timestamp": 1682550561.6033401, "_runtime": 1728.093807220459, "_step": 24, "_wandb": {"runtime": 1730}}