{"meta_mean_iou": 0.4610790482572763, "meta_mean_loss": 0.43448168118794755, "_timestamp": 1682412032.451175, "_runtime": 1751.3853268623352, "_step": 24, "_wandb": {"runtime": 1751}}