{"meta_mean_iou": 0.3456250779436853, "meta_mean_loss": 0.6314506316184998, "_timestamp": 1682508210.952923, "_runtime": 2890.335762023926, "_step": 24, "_wandb": {"runtime": 2890}}