{"meta_mean_iou": 0.5179758681356906, "meta_mean_loss": 0.5272670340538024, "_timestamp": 1682495202.2661386, "_runtime": 1910.9283876419067, "_step": 24, "_wandb": {"runtime": 1912}}