{"meta_mean_iou": 0.5302032239238421, "meta_mean_loss": 0.5177473521232605, "_timestamp": 1682459003.5142844, "_runtime": 912.5882062911987, "_step": 24, "_wandb": {"runtime": 914}}