{"meta_mean_iou": 0.3274803294952647, "meta_mean_loss": 0.6495168435573578, "_timestamp": 1682507091.5184493, "_runtime": 1924.4240794181824, "_step": 24, "_wandb": {"runtime": 1926}}